candidate_rank,date,match_id,team1,team2,slug,event,source,source_url
1,2026-09-16,2397673,quazar,ex-rustec,quazar-vs-ex-rustec-nodwin-clutch-series-12,NODWIN Clutch Series 12,HLTV,https://www.hltv.org/matches/2397673/quazar-vs-ex-rustec-nodwin-clutch-series-12
2,2026-09-16,2397813,just-players,navi-junior,just-players-vs-navi-junior-cct-2026-europe-series-9,CCT 2026 Europe Series 9,HLTV,https://www.hltv.org/matches/2397813/just-players-vs-navi-junior-cct-2026-europe-series-9
3,2026-09-16,2397815,ex-rustec,nexus,ex-rustec-vs-nexus-cct-2026-europe-series-9,CCT 2026 Europe Series 9,HLTV,https://www.hltv.org/matches/2397815/ex-rustec-vs-nexus-cct-2026-europe-series-9
4,2026-09-16,2397970,teletubisie,ex-zero-tenacity,teletubisie-vs-ex-zero-tenacity-exort-fiesta-series-2,Exort Fiesta Series 2,HLTV,https://www.hltv.org/matches/2397970/teletubisie-vs-ex-zero-tenacity-exort-fiesta-series-2
5,2026-09-16,2397971,vexar,illyrians,vexar-vs-illyrians-exort-fiesta-series-2,Exort Fiesta Series 2,HLTV,https://www.hltv.org/matches/2397971/vexar-vs-illyrians-exort-fiesta-series-2
6,2026-09-16,2397972,trafficpills,kamui,trafficpills-vs-kamui-exort-fiesta-series-2,Exort Fiesta Series 2,HLTV,https://www.hltv.org/matches/2397972/trafficpills-vs-kamui-exort-fiesta-series-2
7,2026-09-16,2398020,drama,mellren,drama-vs-mellren-european-pro-league-series-9,European Pro League Series 9,HLTV,https://www.hltv.org/matches/2398020/drama-vs-mellren-european-pro-league-series-9
8,2026-09-16,2398141,nemiga,nemesis,nemiga-vs-nemesis-winline-mpkbk-cis-lan-season-7,WINLINE MPKBK CIS LAN Season 7,HLTV,https://www.hltv.org/matches/2398141/nemiga-vs-nemesis-winline-mpkbk-cis-lan-season-7
9,2026-09-16,2398280,olympus,bucketjonsboys,olympus-vs-bucketjonsboys-crossfire-season-6,CROSSFIRE Season 6,HLTV,https://www.hltv.org/matches/2398280/olympus-vs-bucketjonsboys-crossfire-season-6
10,2026-09-16,2398332,xdm,patsanvision,xdm-vs-patsanvision-esea-open-season-58-asia,ESEA Open Season 58 Asia,HLTV,https://www.hltv.org/matches/2398332/xdm-vs-patsanvision-esea-open-season-58-asia
11,2026-09-16,2398333,lfo-9,oasis,lfo-9-vs-oasis-esea-open-season-58-asia,ESEA Open Season 58 Asia,HLTV,https://www.hltv.org/matches/2398333/lfo-9-vs-oasis-esea-open-season-58-asia
12,2026-09-17,2397675,brute,quazar,brute-vs-quazar-nodwin-clutch-series-12,NODWIN Clutch Series 12,HLTV,https://www.hltv.org/matches/2397675/brute-vs-quazar-nodwin-clutch-series-12
13,2026-09-17,2397818,honvd,ence,honvd-vs-ence-cct-2026-europe-series-9,CCT 2026 Europe Series 9,HLTV,https://www.hltv.org/matches/2397818/honvd-vs-ence-cct-2026-europe-series-9
14,2026-09-17,2397886,ninjas-in-pyjamas,m80,ninjas-in-pyjamas-vs-m80-logitech-g-play-connect-2026,Logitech G Play Connect 2026,HLTV,https://www.hltv.org/matches/2397886/ninjas-in-pyjamas-vs-m80-logitech-g-play-connect-2026
15,2026-09-17,2397888,metizport,luminosity,metizport-vs-luminosity-logitech-g-play-connect-2026,Logitech G Play Connect 2026,HLTV,https://www.hltv.org/matches/2397888/metizport-vs-luminosity-logitech-g-play-connect-2026
16,2026-09-17,2397890,m80,gamerlegion,m80-vs-gamerlegion-logitech-g-play-connect-2026,Logitech G Play Connect 2026,HLTV,https://www.hltv.org/matches/2397890/m80-vs-gamerlegion-logitech-g-play-connect-2026
17,2026-09-17,2397929,overtake-sector,nutorious,overtake-sector-vs-nutorious-esea-advanced-season-58-north-america,ESEA Advanced Season 58 North America,HLTV,https://www.hltv.org/matches/2397929/overtake-sector-vs-nutorious-esea-advanced-season-58-north-america
18,2026-09-17,2398089,vitality,magic,vitality-vs-magic-starladder-starseries-fall-2026,StarLadder StarSeries Fall 2026,HLTV,https://www.hltv.org/matches/2398089/vitality-vs-magic-starladder-starseries-fall-2026
19,2026-09-17,2398090,natus-vincere,aurora,natus-vincere-vs-aurora-starladder-starseries-fall-2026,StarLadder StarSeries Fall 2026,HLTV,https://www.hltv.org/matches/2398090/natus-vincere-vs-aurora-starladder-starseries-fall-2026
20,2026-09-17,2398143,nice-try,faze-up-next,nice-try-vs-faze-up-next-hyperx-retake-season-12,HyperX Retake Season 12,HLTV,https://www.hltv.org/matches/2398143/nice-try-vs-faze-up-next-hyperx-retake-season-12
21,2026-09-17,2398252,imperial,bounty-hunters,imperial-vs-bounty-hunters-circuit-x-curitiba-fall-2026,Circuit X Curitiba Fall 2026,HLTV,https://www.hltv.org/matches/2398252/imperial-vs-bounty-hunters-circuit-x-curitiba-fall-2026
22,2026-09-17,2398253,yawara,bounty-hunters,yawara-vs-bounty-hunters-circuit-x-curitiba-season-3,Circuit X Curitiba Season 3,HLTV,https://www.hltv.org/matches/2398253/yawara-vs-bounty-hunters-circuit-x-curitiba-season-3
23,2026-09-17,2398254,shinden,ehisto-base,shinden-vs-ehisto-base-circuit-x-curitiba-fall-2026,Circuit X Curitiba Fall 2026,HLTV,https://www.hltv.org/matches/2398254/shinden-vs-ehisto-base-circuit-x-curitiba-fall-2026
24,2026-09-17,2398255,fluxo,shinden,fluxo-vs-shinden-circuit-x-curitiba-season-3,Circuit X Curitiba Season 3,HLTV,https://www.hltv.org/matches/2398255/fluxo-vs-shinden-circuit-x-curitiba-season-3
25,2026-09-17,2398282,villainous,wanted-goons,villainous-vs-wanted-goons-crossfire-season-6,CROSSFIRE Season 6,HLTV,https://www.hltv.org/matches/2398282/villainous-vs-wanted-goons-crossfire-season-6
