provisional_sort_index,match_date,source_match_id,event,team1,team2,source,source_url,structural_validation,source_page_verification,date_verification,review_flags
1,2026-09-20,2397687,NODWIN Clutch Series 12,G2 Ares,Honvéd,HLTV,https://www.hltv.org/matches/2397687/g2-ares-vs-honvd-nodwin-clutch-series-12,PASS,REQUIRES_INDEPENDENT_VERIFICATION,REQUIRES_CONSISTENT_DATE_CONVENTION,
2,2026-09-20,2397688,NODWIN Clutch Series 12,Color,UPGRADE,HLTV,https://www.hltv.org/matches/2397688/color-vs-upgrade-nodwin-clutch-series-12,PASS,REQUIRES_INDEPENDENT_VERIFICATION,REQUIRES_CONSISTENT_DATE_CONVENTION,
3,2026-09-20,2397689,NODWIN Clutch Series 12,BRUTE,BET-M,HLTV,https://www.hltv.org/matches/2397689/brute-vs-bet-m-nodwin-clutch-series-12,PASS,REQUIRES_INDEPENDENT_VERIFICATION,REQUIRES_CONSISTENT_DATE_CONVENTION,
4,2026-09-20,2397690,NODWIN Clutch Series 12,INOX Division,SPARTA,HLTV,https://www.hltv.org/matches/2397690/inox-division-vs-sparta-nodwin-clutch-series-12,PASS,REQUIRES_INDEPENDENT_VERIFICATION,REQUIRES_CONSISTENT_DATE_CONVENTION,
5,2026-09-20,2397828,CCT 2026 Europe Series 9,ex-RUSTEC,Azuolas,HLTV,https://www.hltv.org/matches/2397828/ex-rustec-vs-azuolas-cct-2026-europe-series-9,PASS,REQUIRES_INDEPENDENT_VERIFICATION,REQUIRES_CONSISTENT_DATE_CONVENTION,
6,2026-09-20,2397829,CCT 2026 Europe Series 9,Lavked,ENCE,HLTV,https://www.hltv.org/matches/2397829/lavked-vs-ence-cct-2026-europe-series-9,PASS,REQUIRES_INDEPENDENT_VERIFICATION,REQUIRES_CONSISTENT_DATE_CONVENTION,
7,2026-09-20,2397830,CCT 2026 Europe Series 9,QUAZAR,G2 Ares,HLTV,https://www.hltv.org/matches/2397830/quazar-vs-g2-ares-cct-2026-europe-series-9,PASS,REQUIRES_INDEPENDENT_VERIFICATION,REQUIRES_CONSISTENT_DATE_CONVENTION,
8,2026-09-20,2397831,CCT 2026 Europe Series 9,BAKS,Black Phoenix,HLTV,https://www.hltv.org/matches/2397831/baks-vs-black-phoenix-cct-2026-europe-series-9,PASS,REQUIRES_INDEPENDENT_VERIFICATION,REQUIRES_CONSISTENT_DATE_CONVENTION,
9,2026-09-20,2397986,Exort Fiesta Series 2,STATE,Teletubisie,HLTV,https://www.hltv.org/matches/2397986/state-vs-teletubisie-exort-fiesta-series-2,PASS,REQUIRES_INDEPENDENT_VERIFICATION,REQUIRES_CONSISTENT_DATE_CONVENTION,
10,2026-09-20,2398032,European Pro League Series 9,Bushido Wildcats,NAVI Junior,HLTV,https://www.hltv.org/matches/2398032/bushido-wildcats-vs-navi-junior-european-pro-league-series-9,PASS,REQUIRES_INDEPENDENT_VERIFICATION,REQUIRES_CONSISTENT_DATE_CONVENTION,
11,2026-09-20,2398107,StarLadder StarSeries Fall 2026,Vitality,FURIA,HLTV,https://www.hltv.org/matches/2398107/vitality-vs-furia-starladder-starseries-fall-2026,PASS,REQUIRES_INDEPENDENT_VERIFICATION,REQUIRES_CONSISTENT_DATE_CONVENTION,VERIFY_MATCH_PARTICIPANTS
12,2026-09-20,2398166,HyperX Retake Season 12,WBT,SAW Youngsters,HLTV,https://www.hltv.org/matches/2398166/wbt-vs-saw-youngsters-hyperx-retake-season-12,PASS,REQUIRES_INDEPENDENT_VERIFICATION,REQUIRES_CONSISTENT_DATE_CONVENTION,
13,2026-09-20,2398167,HyperX Retake Season 12,Eternal Fire,GenOne,HLTV,https://www.hltv.org/matches/2398167/eternal-fire-vs-genone-hyperx-retake-season-12,PASS,REQUIRES_INDEPENDENT_VERIFICATION,REQUIRES_CONSISTENT_DATE_CONVENTION,
14,2026-09-20,2398267,Circuit X Curitiba Season 3,BESTIA,ShindeN,HLTV,https://www.hltv.org/matches/2398267/bestia-vs-shinden-circuit-x-curitiba-season-3,PASS,REQUIRES_INDEPENDENT_VERIFICATION,REQUIRES_CONSISTENT_DATE_CONVENTION,SOURCE_PAGE_DATE_CONFLICT
15,2026-09-20,2398268,Circuit X Curitiba Season 3,Fluxo,ShindeN,HLTV,https://www.hltv.org/matches/2398268/fluxo-vs-shinden-circuit-x-curitiba-season-3,PASS,REQUIRES_INDEPENDENT_VERIFICATION,REQUIRES_CONSISTENT_DATE_CONVENTION,
16,2026-09-20,2398269,Circuit X Curitiba Season 3,Bounty Hunters,BESTIA,HLTV,https://www.hltv.org/matches/2398269/bounty-hunters-vs-bestia-circuit-x-curitiba-season-3,PASS,REQUIRES_INDEPENDENT_VERIFICATION,REQUIRES_CONSISTENT_DATE_CONVENTION,VERIFY_MATCH_PARTICIPANTS
17,2026-09-20,2398301,CROSSFIRE Season 6,Olympus,DETONATE,HLTV,https://www.hltv.org/matches/2398301/olympus-vs-detonate-crossfire-season-6,PASS,REQUIRES_INDEPENDENT_VERIFICATION,REQUIRES_CONSISTENT_DATE_CONVENTION,
18,2026-09-20,2398302,CROSSFIRE Season 6,Villainous,Overtake Sector,HLTV,https://www.hltv.org/matches/2398302/villainous-vs-overtake-sector-crossfire-season-6,PASS,REQUIRES_INDEPENDENT_VERIFICATION,REQUIRES_CONSISTENT_DATE_CONVENTION,
19,2026-09-20,2398304,CROSSFIRE Season 6,regain,Without a Roof,HLTV,https://www.hltv.org/matches/2398304/regain-vs-without-a-roof-crossfire-season-6,PASS,REQUIRES_INDEPENDENT_VERIFICATION,REQUIRES_CONSISTENT_DATE_CONVENTION,
20,2026-09-20,2398310,CROSSFIRE Season 6,Babag,Zomblers,HLTV,https://www.hltv.org/matches/2398310/babag-vs-zomblers-crossfire-season-6,PASS,REQUIRES_INDEPENDENT_VERIFICATION,REQUIRES_CONSISTENT_DATE_CONVENTION,
21,2026-09-20,2398311,CROSSFIRE Season 6,FarmVille,LAG,HLTV,https://www.hltv.org/matches/2398311/farmville-vs-lag-crossfire-season-6,PASS,REQUIRES_INDEPENDENT_VERIFICATION,REQUIRES_CONSISTENT_DATE_CONVENTION,
22,2026-09-20,2398312,CROSSFIRE Season 6,Kodex,Unreal Nightmare,HLTV,https://www.hltv.org/matches/2398312/kodex-vs-unreal-nightmare-crossfire-season-6,PASS,REQUIRES_INDEPENDENT_VERIFICATION,REQUIRES_CONSISTENT_DATE_CONVENTION,FORFEIT_TECHNICAL_ELIGIBILITY_PENDING
23,2026-09-20,2398316,CROSSFIRE Season 6,my life be like,Beyond Limits,HLTV,https://www.hltv.org/matches/2398316/my-life-be-like-vs-beyond-limits-crossfire-season-6,PASS,REQUIRES_INDEPENDENT_VERIFICATION,REQUIRES_CONSISTENT_DATE_CONVENTION,
24,2026-09-20,2398338,CCT 2026 Challengers South America Series 3,your end,RUSH,HLTV,https://www.hltv.org/matches/2398338/your-end-vs-rush-cct-2026-challengers-south-america-series-3,PASS,REQUIRES_INDEPENDENT_VERIFICATION,REQUIRES_CONSISTENT_DATE_CONVENTION,
25,2026-09-20,2398339,CCT 2026 Challengers South America Series 3,MEIA NOITE,QUINTESSÊNCIA,HLTV,https://www.hltv.org/matches/2398339/meia-noite-vs-quintessncia-cct-2026-challengers-south-america-series-3,PASS,REQUIRES_INDEPENDENT_VERIFICATION,REQUIRES_CONSISTENT_DATE_CONVENTION,
